Stock,Final Capital,Trades,Win Rate,Sharpe,Max Drawdown
GOOG,2014.835443749163,17,0.4117647058823529,1.3832083379312687,102.26215509671374
