Stock,Final Capital,Trades,Win Rate,Sharpe,Max Drawdown
GOOG,2042.7357975585792,17,0.4117647058823529,2.1946905628509117,99.46544109905153
